<component name="ProjectRunConfigurationManager">
  <configuration default="false" name="dart-event" type="CargoCommandRunConfiguration" factoryName="Cargo Command">
    <option name="command" value="run --manifest-path $PROJECT_DIR$/scripts/flowy-tool/Cargo.toml -- dart-event --rust_source=$PROJECT_DIR$/rust-lib/  --output=$PROJECT_DIR$/app_flowy/packages/flowy_sdk/lib/dispatch/dart_event.dart" />
    <option name="workingDirectory" value="file://$PROJECT_DIR$" />
    <option name="channel" value="DEFAULT" />
    <option name="allFeatures" value="false" />
    <option name="emulateTerminal" value="false" />
    <option name="backtrace" value="SHORT" />
    <envs />
    <option name="isRedirectInput" value="false" />
    <option name="redirectInputPath" value="" />
    <method v="2">
      <option name="CARGO.BUILD_TASK_PROVIDER" enabled="true" />
    </method>
  </configuration>
</component>