<component name="ProjectRunConfigurationManager">
  <configuration default="false" name="ProtoBuf_Gen" type="CargoCommandRunConfiguration" factoryName="Cargo Command">
    <option name="command" value="run --manifest-path ${flowy_tool} -- pb-gen --rust_sources=${rust_lib},${shared_lib}  --derive_meta=${derive_meta}  --flutter_package_lib=${flutter_package_lib}" />
    <option name="workingDirectory" value="file://$PROJECT_DIR$/frontend" />
    <option name="channel" value="DEFAULT" />
    <option name="allFeatures" value="false" />
    <option name="emulateTerminal" value="false" />
    <option name="backtrace" value="SHORT" />
    <envs>
      <env name="flowy_tool" value="${CARGO_MAKE_WORKSPACE_WORKING_DIRECTORY}/scripts/flowy-tool/Cargo.toml" />
      <env name="rust_lib" value="${CARGO_MAKE_WORKSPACE_WORKING_DIRECTORY}/rust-lib/" />
      <env name="shared_lib" value="${CARGO_MAKE_WORKSPACE_WORKING_DIRECTORY}/../shared_lib" />
      <env name="flutter_lib" value="${CARGO_MAKE_WORKSPACE_WORKING_DIRECTORY}/app_flowy/packages" />
      <env name="derive_meta" value="${shared_lib}/flowy-derive/src/derive_cache/derive_cache.rs" />
      <env name="flutter_package_lib" value="${flutter_lib}/flowy_sdk/lib" />
    </envs>
    <option name="isRedirectInput" value="false" />
    <option name="redirectInputPath" value="" />
    <method v="2">
      <option name="CARGO.BUILD_TASK_PROVIDER" enabled="true" />
    </method>
  </configuration>
</component>