<component name="ProjectRunConfigurationManager">
  <configuration default="false" name="Run backend" type="CargoCommandRunConfiguration" factoryName="Cargo Command">
    <option name="command" value="run --package backend --bin backend" />
    <option name="workingDirectory" value="file://$PROJECT_DIR$/backend" />
    <option name="channel" value="DEFAULT" />
    <option name="allFeatures" value="false" />
    <option name="emulateTerminal" value="false" />
    <option name="backtrace" value="SHORT" />
    <envs>
      <env name="APP_ENVIRONMENT" value="production" />
    </envs>
    <option name="isRedirectInput" value="false" />
    <option name="redirectInputPath" value="" />
    <method v="2">
      <option name="CARGO.BUILD_TASK_PROVIDER" enabled="true" />
    </method>
  </configuration>
</component>